{
  "drive": {
    "p": 0.0020645,
    "i": 88.1,
    "d": 89.1,
    "f": 90.1,
    "iz": 91.1
  },
  "angle": {
    "p": 0.0020645,
    "i": 65.1,
    "d": 66.1,
    "f": 67.1,
    "iz": 5.5
  }
}